wellid,YEAR,AF Pumped
312656109390901,1995,2.0
312656109390901,1996,2.0
312656109390901,1997,2.0
312656109390901,2001,2.0
312656109390901,2002,2.0
312656109390901,2003,2.0
312656109390901,2005,1.0
312656109390901,2006,2.0
312656109390901,2007,2.0
312656109390901,2008,2.0
312656109390901,2009,1.0
313631111031501,2006,43.23
313631111031501,2007,165.35
313631111031501,2008,140.53
313631111031501,2009,187.02
313631111031501,2010,75.84
313631111031501,2011,91.43
313631111031501,2012,91.24
313631111031501,2013,72.02
313631111031501,2014,27.85
313631111031501,2015,43.19
313631111031501,2016,120.28
313631111031501,2017,138.44
313631111031501,2018,134.61
313631111031501,2019,133.83
313658111031201,1984,39.59
313658111031201,1985,88.65
313658111031201,1986,86.7
313658111031201,1987,104.61
313658111031201,1988,98.07
313658111031201,1989,61.37
313658111031201,1990,43.66
313658111031201,1991,84.75
313658111031201,1992,43.2
313658111031201,1993,44.51
313658111031201,1994,71.06
313658111031201,1995,38.23
313658111031201,1996,47.61
313658111031201,1997,276.74
313658111031201,1998,268.39
313658111031201,1999,268.56
313658111031201,2000,273.39
313658111031201,2001,271.47
313658111031201,2002,259.0
313658111031201,2003,303.58
313658111031201,2004,310.59
313658111031201,2005,343.13
313658111031201,2006,249.24
313658111031201,2007,131.09
313658111031201,2008,141.55
313658111031201,2009,27.81
313658111031201,2010,108.67
313658111031201,2011,123.97
313658111031201,2012,110.14
313658111031201,2013,94.5
313658111031201,2014,29.52
313658111031201,2015,26.23
313658111031201,2016,79.93
313658111031201,2017,95.64
313658111031201,2018,95.17
313658111031201,2019,89.9
313727111024501,1984,39.5
313727111024501,1985,24.25
313727111024501,1986,30.71
313727111024501,1987,27.91
313727111024501,1988,46.59
313727111024501,1989,101.47
313727111024501,1990,99.67
313727111024501,1991,9.47
313727111024501,1992,58.3
313727111024501,1993,92.07
313727111024501,1994,157.49
313727111024501,1995,198.4
313727111024501,1996,196.4
313727111024501,1997,0.23
313727111024501,1998,2.51
313727111024501,1999,9.57
313727111024501,2000,10.03
313727111024501,2001,1.95
313727111024501,2002,61.54
313727111024501,2003,23.01
313727111024501,2004,21.65
313727111024501,2005,26.76
313727111024501,2006,18.08
313727111024501,2007,21.53
313727111024501,2008,26.29
313727111024501,2009,7.79
313727111024501,2010,0.96
313727111024501,2011,0.05
313727111024501,2012,0.04
313727111024501,2013,0.02
313727111024501,2014,0.63
313727111024501,2015,0.05
313727111024501,2016,0.02
313727111024501,2019,0.04
313817111141001,1984,90.0
313817111141001,1985,120.0
313817111141001,1986,90.0
313817111141001,1987,100.0
313817111141001,1988,89.04
313817111141001,1989,100.0
313817111141001,1990,102.0
313817111141001,1992,5.0
313817111141001,1994,8.0
313817111141001,1997,108.71
313817111141001,1998,77.86
313817111141001,1999,47.32
313817111141001,2000,51.43
313817111141001,2001,6.56
313817111141001,2002,1.88
313817111141001,2003,23.1
313817111141001,2004,3.49
313817111141001,2005,1.09
313817111141001,2006,3.99
313817111141001,2007,3.59
313817111141001,2008,0.67
313817111141001,2009,2.19
313817111141001,2012,1.5
313817111141001,2013,2.0
313817111141001,2017,15.0
313817111141001,2018,8.0
313817111141001,2019,9.277
314530109413101,2015,440.0
314530109413101,2016,409.0
314530109413101,2017,450.21
314530109413101,2018,475.0
314530109413101,2019,394.2
314557109392401,2008,25.0
314557109392401,2011,1.0
314557109392401,2012,1.0
314806109423301,2000,372.6
314806109423301,2001,327.4
314806109423301,2002,332.3
314806109423301,2003,263.0
314806109423301,2004,252.0
314806109423301,2005,281.0
314806109423301,2006,392.0
314806109423301,2007,412.0
314806109423301,2008,421.0
314806109423301,2009,462.0
314806109423301,2010,458.0
314806109423301,2011,472.0
314806109423301,2012,483.0
314806109423301,2013,460.0
314806109423301,2014,388.0
314806109423301,2015,383.0
314806109423301,2016,145.0
314806109423301,2017,360.83
314806109423301,2018,371.0
314806109423301,2019,191.48
315636110172401,2006,73.0
315636110172401,2007,10.0
315646109521101,2006,5.0
315646109521101,2007,5.0
315646109521101,2008,5.0
315646109521101,2009,4.311
315646109521101,2010,4.4
315646109521101,2011,4.5
315646109521101,2012,4.5
315646109521101,2013,4.53
315646109521101,2014,3.72
315646109521101,2015,3.08
315646109521101,2016,3.93
315646109521101,2017,3.77
315646109521101,2018,99.84
315646109521101,2019,2.83
320732111003701,1984,21.64
320732111003701,1985,142.15
320732111003701,1986,164.84
320752111074201,2003,67.38
320752111074201,2004,170.74
320752111074201,2005,112.23
320752111074201,2006,265.88
320752111074201,2007,244.27
320752111074201,2008,227.76
320752111074201,2009,200.17
320752111074201,2010,22.71
320752111074201,2011,31.75
320752111074201,2012,46.95
320752111074201,2013,40.77
320752111074201,2014,38.68
320752111074201,2015,47.67
320752111074201,2016,43.22
320752111074201,2017,11.6
320752111074201,2018,59.51
320752111074201,2019,93.55
321030110513001,1984,406.83
321030110513001,1985,171.85
321030110513001,1986,408.78
321030110513001,1987,203.8
321030110513001,1988,334.9
321030110513001,1989,241.6
321030110513001,1990,143.4
321030110513001,1991,133.6
321030110513001,1992,67.88
321030110513001,1993,24.73
321030110513001,1994,69.04
321030110513001,1995,40.68
321030110513001,1996,109.85
321030110513001,1997,9.99
321030110513001,1998,80.27
321030110513001,1999,98.98
321030110513001,2000,10.8
321030110513001,2001,0.55
321030110513001,2002,5.58
321030110513001,2003,1.64
321030110513001,2004,15.26
321030110513001,2005,613.5
321030110513001,2006,13.41
321030110513001,2007,4.25
321030110513001,2008,0.86
321030110513001,2009,18.28
321030110513001,2010,2.44
321259110473001,1984,5.14
321259110473001,1986,56.0
321259110473001,1987,60.4
321259110473001,1988,63.9
321259110473001,1989,54.3
321259110473001,1990,41.37
321259110473001,1991,45.1
321259110473001,1992,34.46
321259110473001,1993,17.56
321259110473001,1994,17.94
321259110473001,1995,14.07
321259110473001,1996,12.63
321259110473001,1997,15.95
321259110473001,1998,12.21
321259110473001,1999,30.221
321259110473001,2000,41.93
321259110473001,2001,46.63
321259110473001,2002,39.038
321259110473001,2003,28.286
321259110473001,2004,21.67
321259110473001,2005,43.2
321259110473001,2006,37.45
321259110473001,2007,37.597
321259110473001,2008,52.57
321259110473001,2009,34.99
321259110473001,2010,15.43
321259110473001,2011,32.085
321259110473001,2012,20.475
321259110473001,2013,26.880000000000003
321259110473001,2014,22.82
321259110473001,2015,25.630000000000003
321259110473001,2016,26.03
321259110473001,2017,28.57
321259110473001,2018,28.88
321303110474601,1984,92.42
321303110474601,1986,52.0
321303110474601,1987,50.5
321303110474601,1988,66.7
321303110474601,1989,76.2
321303110474601,1990,36.1
321303110474601,1991,30.7
321303110474601,1992,43.86
321303110474601,1993,48.37
321303110474601,1994,46.59
321303110474601,1995,51.06
321303110474601,1996,53.69
321303110474601,1997,47.4
321303110474601,1998,48.21
321303110474601,1999,32.084
321303110474601,2000,23.49
321303110474601,2001,24.04
321303110474601,2002,35.796
321303110474601,2003,45.881
321303110474601,2004,51.26
321303110474601,2005,35.23
321303110474601,2006,36.14
321303110474601,2007,30.919
321303110474601,2008,15.93
321303110474601,2009,39.8
321303110474601,2010,56.5
321303110474601,2011,8.09
321303110474601,2012,28.65
321303110474601,2013,13.6
321303110474601,2014,21.2
321303110474601,2015,11.57
321303110474601,2016,18.88
321303110474601,2017,15.43
321303110474601,2018,10.37
321404110524401,1984,33.7
321404110524401,1985,26.2
321404110524401,1986,14.7
321404110524401,1987,10.0
321404110524401,1988,15.4
321404110524401,1990,18.4
321404110524401,1991,19.4
321404110524401,1992,23.32
321404110524401,1993,22.16
321404110524401,1994,36.53
321404110524401,1995,33.64
321404110524401,1996,23.59
321404110524401,1997,29.62
321404110524401,1999,3.92
321404110524401,2000,26.42
321404110524401,2001,24.46
321404110524401,2002,24.24
321404110524401,2003,18.995
321404110524401,2004,34.888000000000005
321404110524401,2005,19.84
321404110524401,2006,17.362000000000002
321404110524401,2007,21.161
321404110524401,2008,25.309
321404110524401,2017,24.82
321404110524401,2018,19.13
321502110593201,1984,60.1
321502110593201,1985,26.03
321502110593201,1986,88.07
321502110593201,1987,37.15
321502110593201,1988,73.91
321502110593201,1989,93.3
321502110593201,1990,64.9
321502110593201,1991,10.47
321506110485301,1984,8.2
321506110485301,1985,8.355
321506110485301,1986,5.705
321506110485301,1987,5.4
321506110485301,1988,6.25
321506110485301,1989,6.495
321506110485301,1990,5.025
321506110485301,1991,5.645
321506110485301,1992,5.29
321506110485301,1993,5.005
321506110485301,1994,1.0
321506110485301,1995,1.0
321506110485301,1996,1.0
321506110485301,1997,1.0
321506110485301,1998,14.0
321506110485301,1999,1.0
321506110485301,2000,1.0
321506110485301,2001,10.0
321506110485301,2002,12.0
321506110485301,2003,1.0
321506110485301,2004,1.0
321506110485301,2005,1.0
321506110485301,2007,1.0
321506110485301,2008,1.0
321506110485301,2009,1.0
321506110485301,2010,1.0
321506110485301,2011,1.0
321506110485301,2012,1.0
321506110485301,2013,1.0
321506110485301,2014,1.0
321506110485301,2015,1.0
321506110485301,2016,1.0
321506110485301,2017,1.0
321506110485301,2018,1.0
321506110485301,2019,1.0
321509110593101,1984,0.5
321509110593101,1985,2.18
321509110593101,1986,71.08
321509110593101,1987,27.76
321509110593101,1988,27.8
321509110593101,1989,1.4
321509110593101,1991,104.3
321509110593101,1992,6.98
321509110593101,2001,59.3
321509110593101,2002,40.9
321509110593101,2003,16.3
321509110593101,2004,6.79
321509110593101,2005,20.75
321509110593101,2006,69.34
321509110593101,2007,8.93
321509110593101,2008,8.99
321509110593101,2009,3.93
321509110593101,2010,7.74
321509110593101,2011,4.4
321509110593101,2012,4.21
321509110593101,2013,546.56
321509110593101,2014,0.67
321509110593101,2015,0.88
321509110593101,2016,0.21
321509110593101,2017,1.12
321509110593101,2018,1.4
321509110593101,2019,0.93
321512110593701,1984,16.85
321512110593701,1985,44.435
321512110593701,1986,1.01
321512110593701,1987,0.04
321512110593701,1988,0.085
321512110593701,1989,0.3
321512110593701,1990,0.1
321512110593701,1991,0.065
321512110593701,1992,1.41
321512110593701,1993,1.0
321512110593701,1995,4.24
321512110593701,1996,1.58
321512110593701,1997,2.03
321512110593701,1998,0.08
321512110593701,2000,1.52
321512110593701,2013,0.67
321512110593701,2015,0.003
321512110593701,2018,0.746
321512110593701,2019,0.4970000000000001
321514110515901,1984,0.1
321514110515901,1985,26.0
321514110515901,1986,41.0
321514110515901,1987,46.0
321514110515901,1988,62.0
321514110515901,1989,64.0
321514110515901,1990,12.3
321514110515901,1991,49.58
321525110521001,1984,72.0
321525110521001,1985,131.0
321525110521001,1986,101.0
321525110521001,1987,22.0
321525110521001,1988,27.0
321525110521001,1989,12.0
321525110521001,1990,11.5
321525110521001,1991,1.82
321531110574601,1985,11.7
321531110574601,1986,29.91
321531110574601,1987,13.6
321531110574601,1988,13.25
321531110574601,1989,14.19
321531110574601,1990,4.2
321531110574601,1994,13.28
321531110574601,1995,16.67
321531110574601,1996,16.47
321531110574601,1997,13.77
321531110574601,1998,14.65
321531110574601,1999,14.85
321531110574601,2000,11.39
321531110574601,2001,8.7
321531110574601,2002,4.55
321531110574601,2003,4.3
321531110574601,2004,11.53
321531110574601,2005,15.21
321531110574601,2006,15.93
321531110574601,2007,5.62
321531110574601,2008,3.77
321531110574601,2009,5.51
321531110574601,2010,1.08
321531110574601,2011,7.5
321531110574601,2012,12.23
321531110574601,2013,11.94
321531110574601,2014,17.22
321531110574601,2015,13.32
321531110574601,2016,8.7
321531110574601,2017,7.4
321531110574601,2018,9.8
321531110574601,2019,10.53
321531111002201,1984,71.0
321531111002201,1985,3.85
321531111002201,1986,8.42
321531111002201,1987,6.11
321531111002201,1988,2.73
321531111002201,1989,1.97
321531111002201,1990,1.26
321531111002201,1991,3.88
321531111002201,1992,4.52
321531111002201,1993,4.49
321531111002201,1994,2.5
321531111002201,1995,7.86
321531111002201,1996,1.78
321531111002201,1997,4.24
321531111002201,1999,0.06
321531111002201,2000,0.26
321531111002201,2001,0.42
321531111002201,2002,0.17
321531111002201,2004,0.4
321531111002201,2005,0.038
321531111002201,2006,0.0935
321531111002201,2007,0.057499999999999996
321543110491001,1984,30.1
321543110491001,1985,93.9
321543110491001,1986,80.1
321543110491001,1987,162.9
321543110491001,1988,159.6
321543110491001,1989,284.86
321543110491001,1990,296.35
321543110491001,1991,204.0
321543110491001,1992,144.0
321543110491001,1993,331.0
321543110491001,1994,406.0
321543110491001,1995,350.0
321543110491001,1996,308.0
321543110491001,1997,341.0
321543110491001,1998,280.0
321543110491001,1999,395.3
321543110491001,2000,400.2
321543110491001,2001,357.9
321543110491001,2002,530.1
321543110491001,2003,429.4
321543110491001,2004,152.95
321543110491001,2005,157.07
321543110491001,2006,284.17
321543110491001,2007,208.48
321543110491001,2008,81.2275
321543110491001,2009,165.92
321543110491001,2010,103.8
321543110491001,2011,100.54
321543110491001,2012,119.08
321543110491001,2013,90.9
321543110491001,2014,107.16
321543110491001,2015,97.5
321543110491001,2016,143.36
321543110491001,2017,231.73
321543110491001,2018,256.15
321543110491001,2019,214.18
321547110512701,1984,245.07
321547110512701,1985,201.36
321547110512701,1986,208.75
321547110512701,1987,125.37
321547110512701,1988,188.16
321547110512701,1989,234.6
321547110512701,1990,286.75
321547110512701,1991,210.59
321547110512701,1992,182.97
321547110512701,1993,112.3
321547110512701,1994,152.9
321547110512701,1995,126.3
321547110512701,1996,130.1
321547110512701,1997,96.8
321547110512701,1998,289.0
321547110512701,1999,218.1
321547110512701,2000,186.0
321547110512701,2001,179.45
321547110512701,2002,188.9
321547110512701,2003,128.5
321547110512701,2004,182.19
321547110512701,2005,146.84
321547110512701,2006,100.16
321547110512701,2007,108.02
321547110512701,2008,81.0
321547110512701,2009,92.71
321547110512701,2010,55.62
321547110512701,2011,147.8
321547110512701,2012,64.8
321547110512701,2013,86.6
321547110512701,2014,106.9
321547110512701,2015,98.08
321547110512701,2017,107.26
321547110512701,2018,98.53
321547110512701,2019,91.228
321559110591001,1984,68.32
321559110591001,1985,172.88
321559110591001,1986,185.11
321559110591001,1987,336.38
321559110591001,1988,413.55
321559110591001,1989,129.08
321559110591001,1990,16.15
321559110591001,1991,1.0
321559110591001,1992,1.3
321559110591001,1993,508.12
321559110591001,1994,359.1
321559110591001,1995,125.38
321559110591001,1996,110.05
321559110591001,1997,290.51
321559110591001,1998,362.0
321559110591001,1999,509.0
321559110591001,2000,513.0
321559110591001,2001,323.0
321559110591001,2002,509.25
321559110591001,2003,461.9
321559110591001,2004,572.08
321559110591001,2005,329.03
321559110591001,2006,397.41
321559110591001,2007,220.79
321559110591001,2008,197.0
321559110591001,2009,278.37
321559110591001,2010,88.265
321559110591001,2011,135.45
321559110591001,2012,125.76
321559110591001,2013,134.56
321559110591001,2014,321.74
321559110591001,2015,380.24
321559110591001,2016,236.1
321559110591001,2017,247.0
321559110591001,2018,200.8
321559110591001,2019,71.05
321604110593601,1984,16.74
321604110593601,1985,18.86
321604110593601,1986,7.35
321604110593601,1987,0.02
321605110501401,1984,125.1
321605110501401,1985,138.36
321605110501401,1986,245.27
321605110501401,1987,229.46
321605110501401,1988,302.01
321605110501401,1989,217.6
321605110501401,1990,205.1
321605110501401,1991,149.0
321605110501401,1992,230.0
321605110501401,1993,343.0
321605110501401,1994,267.0
321605110501401,1995,272.0
321605110501401,1996,323.0
321605110501401,1997,198.0
321605110501401,1998,188.0
321605110501401,1999,393.8
321605110501401,2000,299.5
321605110501401,2001,104.0
321605110501401,2002,96.8
321605110501401,2003,97.1
321605110501401,2004,167.09
321605110501401,2005,145.17
321605110501401,2006,160.48
321605110501401,2007,180.56
321605110501401,2008,195.78
321605110501401,2009,175.98
321605110501401,2010,194.98
321605110501401,2011,214.13
321605110501401,2012,248.66
321605110501401,2013,221.13
321605110501401,2014,228.08
321605110501401,2015,77.65
321605110501401,2016,118.5
321605110501401,2017,77.13
321605110501401,2018,83.52
321605110501401,2019,92.55
321617110584401,1984,2.45
321617110584401,1985,27.0
321617110584401,1986,34.0
321617110584401,1987,31.0
321617110584401,1988,43.0
321617110584401,1989,73.0
321617110584401,1990,61.21
321617110584401,1991,20.78
321617110584401,1992,32.92
321617110584401,1993,5.86
321617110584401,1994,59.46
321617110584401,1995,61.43
321617110584401,1996,63.82
321617110584401,1997,27.49
321617110584401,1999,4.9
321617110584401,2000,22.13
321617110584401,2001,14.91
321617110584401,2002,0.95
321617110584401,2003,13.82
321617110584401,2004,34.92
321617110584401,2005,17.28
321617110584401,2006,12.64
321617110584401,2007,19.57
321617110584401,2008,46.25
321617110584401,2009,37.24
321617110584401,2010,28.59
321617110584401,2018,13.73
321617110584401,2019,6.61
321646110595701,1986,267.44
321646110595701,1987,292.92
321646110595701,1988,167.16
321646110595701,1989,26.06
321646110595701,1990,86.21
321646110595701,1991,9.83
321646110595701,1992,15.45
321646110595701,1993,9.23
321646110595701,1994,8.55
321646110595701,1995,10.72
321646110595701,1996,16.39
321646110595701,1997,29.77
321646110595701,1998,22.0
321646110595701,1999,43.0
321646110595701,2000,59.0
321646110595701,2001,48.0
321646110595701,2002,38.53
321646110595701,2003,12.13
321646110595701,2004,132.93
321646110595701,2005,619.87
321646110595701,2006,90.36
321646110595701,2007,638.33
321646110595701,2008,625.61
321646110595701,2009,676.56
321646110595701,2010,473.3
321646110595701,2011,452.7
321646110595701,2012,490.85
321646110595701,2013,403.56
321646110595701,2014,406.94
321646110595701,2015,223.54
321646110595701,2016,204.51
321646110595701,2017,237.01
321646110595701,2018,209.23
321646110595701,2019,379.84
321658111000901,1984,89.28
321658111000901,1985,190.93
321658111000901,1986,115.47
321658111000901,1987,228.69
321658111000901,1988,111.2
321658111000901,1989,77.43
321658111000901,1990,137.57
321658111000901,1991,113.0
321658111000901,1992,15.59
321658111000901,1993,0.03
321658111000901,1994,121.52
321658111000901,1995,44.17
321658111000901,1996,161.3
321658111000901,1997,43.61
321658111000901,1998,412.0
321658111000901,1999,509.0
321658111000901,2000,586.0
321658111000901,2001,492.0
321658111000901,2002,0.33
321658111000901,2003,32.29
321658111000901,2004,194.41
321658111000901,2005,327.44
321658111000901,2006,120.86
321658111000901,2007,265.79
321658111000901,2008,255.84
321658111000901,2009,210.48
321658111000901,2010,199.37
321658111000901,2011,149.92
321658111000901,2012,228.47
321658111000901,2013,185.2
321658111000901,2014,146.08
321658111000901,2015,95.72
321658111000901,2016,71.41
321658111000901,2017,84.3
321658111000901,2018,57.16
321658111000901,2019,96.5
321817111135101,1995,15.69
321817111135101,1996,3.29
321817111135101,1997,24.62
321817111135101,1998,23.04
321817111135101,1999,26.11
321817111135101,2000,25.84
321817111135101,2001,0.12
321819110592201,1984,15.41
321819110592201,1985,130.0
321819110592201,1986,127.0
321819110592201,1987,65.0
321819110592201,1988,205.6
321819110592201,1989,218.3
321819110592201,1990,154.4
321819110592201,1991,120.85
321819110592201,1992,176.0
321819110592201,1993,225.0
321819110592201,1994,92.0
321819110592201,1995,197.4
321819110592201,1996,187.8
321819110592201,1997,211.1
321819110592201,1998,219.8
321819110592201,1999,231.0
321819110592201,2000,163.1
321819110592201,2001,164.6
321819110592201,2002,202.1
321819110592201,2003,175.9
321819110592201,2004,154.97
321819110592201,2005,138.0
321819110592201,2006,186.21
321819110592201,2007,184.57
321819110592201,2008,189.37
321819110592201,2009,164.14
321819110592201,2010,195.67
321819110592201,2011,202.99
321819110592201,2012,168.67
321819110592201,2013,0.4
321819110592201,2014,252.15
321819110592201,2015,251.62
321819110592201,2016,179.28
321819110592201,2017,246.0
321819110592201,2018,211.08
321819110592201,2019,224.41
321823110485001,1984,10.9
321823110485001,1985,19.13
321823110485001,1986,15.26
321823110485001,1987,14.21
321823110485001,1988,12.82
321823110485001,1989,16.0
321823110485001,1990,17.5
321823110485001,1991,8.0
321823110485001,1992,6.94
321823110485001,1993,14.4
321823110485001,1994,14.0
321823110485001,1995,14.25
321823110485001,1996,13.18
321823110485001,1997,20.03
321823110485001,2000,9.9
321823110485001,2001,6.92
321823110485001,2002,6.86
321823110485001,2003,11.24
321823110485001,2004,18.08
321823110485001,2005,10.04
321823110485001,2006,20.08
321823110485001,2007,19.03
321823110485001,2008,21.54
321823110485001,2009,7.7
321823110485001,2010,11.81
321823110485001,2011,16.52
321823110485001,2012,7.0
321823110485001,2013,7.0
321823110485001,2014,7.0
321823110485001,2015,12.76
321836111155101,2006,4.0
321836111155101,2007,9.5
321836111155101,2008,376.93
321836111155101,2009,551.19
321836111155101,2010,721.9
321836111155101,2011,605.68
321836111155101,2012,548.66
321836111155101,2013,388.87
321836111155101,2014,488.28
321836111155101,2015,312.47
321836111155101,2016,451.65
321836111155101,2017,489.25
321836111155101,2018,539.52
321836111155101,2019,534.71
321845111004501,1984,60.43
321845111004501,1985,542.0
321845111004501,1986,525.0
321845111004501,1987,481.0
321845111004501,1988,562.0
321845111004501,1989,607.6
321845111004501,1990,573.4
321845111004501,1991,662.27
321845111004501,1992,559.0
321845111004501,1993,664.0
321845111004501,1994,640.0
321845111004501,1995,729.2
321845111004501,1996,744.8
321845111004501,1997,695.6
321845111004501,1998,662.1
321845111004501,1999,516.3
321845111004501,2000,502.3
321845111004501,2001,662.1
321845111004501,2002,654.0
321845111004501,2003,711.5
321845111004501,2004,299.54
321845111004501,2005,646.98
321845111004501,2006,680.36
321845111004501,2007,780.0
321845111004501,2008,828.5
321845111004501,2009,786.34
321845111004501,2010,845.36
321845111004501,2011,561.75
321845111004501,2012,772.92
321845111004501,2013,640.61
321845111004501,2014,467.6
321845111004501,2015,467.87
321845111004501,2016,496.81
321845111004501,2017,334.81
321846110592801,1984,12.64
321846110592801,1985,117.0
321846110592801,1986,105.0
321846110592801,1987,135.0
321846110592801,1988,85.7
321846110592801,1989,68.4
321846110592801,1990,55.2
321846110592801,1991,80.81
321846110592801,1992,74.0
321846110592801,1993,107.0
321846110592801,1994,184.0
321846110592801,1995,95.5
321846110592801,1996,89.1
321846110592801,1997,69.9
321846110592801,1998,69.7
321846110592801,1999,96.3
321846110592801,2000,131.8
321846110592801,2001,102.5
321846110592801,2002,134.7
321846110592801,2003,94.6
321846110592801,2004,99.41
321846110592801,2005,117.42
321846110592801,2006,119.33
321846110592801,2007,94.72
321846110592801,2008,79.92
321846110592801,2009,105.23
321846110592801,2010,124.91
321846110592801,2011,83.64
321846110592801,2012,43.19
321846110592801,2013,42.46
321846110592801,2014,42.36
321846110592801,2015,17.38
321846110592801,2016,36.15
321846110592801,2017,28.89
321846110592801,2018,40.37
321846110592801,2019,40.82
321859111155101,2004,2.0
321859111155101,2005,15.0
321859111155101,2007,184.07
321859111155101,2008,550.6
321859111155101,2009,395.58
321859111155101,2010,117.4
321859111155101,2011,297.53
321859111155101,2012,289.91
321859111155101,2013,417.73
321859111155101,2014,250.66
321859111155101,2015,419.99
321859111155101,2016,315.97
321859111155101,2017,321.17
321859111155101,2018,254.22
321859111155101,2019,248.45
321900111014001,1984,52.11
321900111014001,1985,481.0
321900111014001,1986,454.0
321900111014001,1987,398.0
321900111014001,1988,399.7
321900111014001,1989,609.4
321900111014001,1990,341.9
321900111014001,1991,524.52
321900111014001,1992,411.0
321900111014001,1993,658.0
321900111014001,1994,668.0
321900111014001,1995,451.7
321900111014001,1996,430.9
321900111014001,1997,321.0
321900111014001,1998,490.8
321900111014001,1999,503.5
321900111014001,2000,691.5
321900111014001,2001,447.2
321900111014001,2002,449.1
321900111014001,2003,179.8
321900111014001,2004,100.13499999999999
321900111014001,2005,531.08
321900111014001,2006,516.38
321900111014001,2007,205.685
321900111014001,2008,248.09
321900111014001,2009,218.25
321900111014001,2010,263.0
321900111014001,2011,317.07
321900111014001,2012,387.67
321900111014001,2013,602.24
321900111014001,2014,552.28
321900111014001,2015,521.0
321900111014001,2016,243.495
321900111014001,2017,496.88
321900111014001,2018,384.88
321900111014001,2019,432.14
322004110583804,1984,5.0
322004110583804,1985,109.0
322004110583804,1986,46.0
322004110583804,1987,106.0
322004110583804,1988,81.5
322004110583804,1989,37.3
322004110583804,1990,27.9
322004110583804,1991,35.86
322004110583804,1992,109.0
322004110583804,1993,310.0
322004110583804,1994,260.0
322004110583804,1995,91.0
322004110583804,1996,177.8
322004110583804,1997,114.6
322004110583804,1998,156.2
322018110585401,1984,67.05
322018110585401,1985,8.0
322018110585401,1986,43.0
322018110585401,1987,41.0
322018110585401,1988,135.0
322018110585401,1989,42.7
322018110585401,1990,267.1
322018110585401,1991,245.27
322018110585401,1992,205.0
322018110585401,1993,180.0
322018110585401,1994,257.0
322018110585401,1995,252.2
322018110585401,1996,207.3
322018110585401,1997,254.9
322018110585401,1998,182.8
322018110585401,1999,40.1
322018110585401,2000,24.6
322018110585401,2001,129.7
322018110585401,2002,243.1
322018110585401,2003,240.6
322018110585401,2004,237.25
322018110585401,2005,236.37
322018110585401,2006,233.42
322018110585401,2007,234.23
322018110585401,2008,172.64
322018110585401,2009,0.24
322039110593901,1987,25.0
322039110593901,1988,64.0
322039110593901,1989,235.0
322039110593901,1990,267.4
322039110593901,1991,257.33
322039110593901,1992,249.0
322039110593901,1993,53.0
322039110593901,1994,90.0
322039110593901,1995,98.1
322039110593901,1996,132.5
322039110593901,1997,182.3
322039110593901,1998,158.1
322039110593901,1999,182.2
322039110593901,2000,130.6
322039110593901,2001,201.9
322039110593901,2002,170.7
322039110593901,2003,206.4
322039110593901,2004,166.11
322039110593901,2005,77.87
322039110593901,2006,106.2
322039110593901,2007,42.28
322133111013501,1984,20.83
322133111013501,1985,137.0
322133111013501,1986,153.0
322133111013501,1987,166.0
322133111013501,1988,304.0
322133111013501,1989,363.1
322133111013501,1990,164.2
322133111013501,1991,162.66
322133111013501,1992,121.0
322133111013501,1993,173.0
322133111013501,1994,108.0
322133111013501,1995,135.4
322133111013501,1996,231.6
322133111013501,1997,230.2
322133111013501,1998,218.4
322133111013501,1999,249.8
322133111013501,2000,296.2
322133111013501,2001,417.4
322133111013501,2002,424.7
322133111013501,2003,402.5
322133111013501,2004,303.45
322133111013501,2005,153.22
322133111013501,2006,149.42
322133111013501,2007,223.98
322133111013501,2008,278.84
322133111013501,2009,224.83
322133111013501,2010,347.95
322133111013501,2011,132.91
322133111013501,2012,157.5
322133111013501,2013,103.72
322133111013501,2014,143.20999999999998
322133111013501,2015,259.06
322133111013501,2016,317.32
322133111013501,2018,288.02
322133111013501,2019,309.19
322155111010301,1984,42.98
322155111010301,1985,431.0
322155111010301,1986,62.0
322155111010301,1987,96.0
322155111010301,1988,144.9
322155111010301,1989,59.3
322155111010301,1990,174.3
322155111010301,1991,56.1
322155111010301,1992,171.0
322155111010301,1993,653.0
322155111010301,1994,411.0
322155111010301,1995,212.2
322155111010301,1996,236.9
322155111010301,1997,72.7
322155111010301,1998,63.5
322155111010301,1999,227.5
322155111010301,2000,638.5
322155111010301,2001,415.0
322155111010301,2002,682.1
322155111010301,2003,607.4
322155111010301,2004,468.21
322155111010301,2005,103.615
322155111010301,2006,336.33
322155111010301,2007,223.04
322155111010301,2008,165.7
322155111010301,2009,481.23
322155111010301,2010,352.23
322155111010301,2011,497.13
322155111010301,2012,535.36
322155111010301,2013,354.97
322155111010301,2014,583.43
322155111010301,2015,377.06
322155111010301,2016,402.06
322155111010301,2017,383.15
322155111010301,2018,404.75
322155111010301,2019,525.21
322156111004301,1985,3.0
322156111004301,1986,735.0
322156111004301,1987,1058.0
322156111004301,1988,946.0
322156111004301,1989,704.0
322156111004301,1990,621.7
322156111004301,1991,781.77
322156111004301,1992,613.0
322156111004301,1993,240.0
322156111004301,1994,762.0
322156111004301,1995,483.35
322156111004301,1996,662.0
322156111004301,1997,429.9
322156111004301,1998,676.1
322156111004301,1999,810.7
322156111004301,2000,199.0
322156111004301,2001,874.5
322156111004301,2002,950.6
322156111004301,2003,1041.9
322156111004301,2004,875.25
322156111004301,2005,148.86
322156111004301,2006,442.05
322156111004301,2007,798.03
322156111004301,2008,946.54
322156111004301,2009,760.51
322156111004301,2010,403.8
322156111004301,2011,603.23
322156111004301,2012,700.88
322156111004301,2013,522.58
322156111004301,2014,188.59
322156111004301,2015,825.77
322156111004301,2016,779.15
322156111004301,2017,543.77
322156111004301,2018,785.72
322156111004301,2019,722.81
322202110025701,1985,31.0
322202110025701,1986,1.0
322202110025701,1987,2.0
322202110025701,1988,0.32
322202110025701,1989,1.62
322202110025701,1990,1.92
322202110025701,1991,1.8
322202110025701,1992,1.8
322202110025701,1993,1.7
322202110025701,1995,2.0
322202110025701,1997,2.0
322202110025701,1998,2.0
322202110025701,1999,2.0
322202110025701,2000,2.0
322202110025701,2002,2.0
322202110025701,2003,2.0
322202110025701,2004,2.0
322202110025701,2005,2.0
322202110025701,2006,2.0
322202110025701,2008,2.0
322202110025701,2009,2.0
322202110025701,2010,2.0
322202110025701,2011,0.94
322202110025701,2013,2.0
322202110025701,2016,2.0
322202110025701,2017,2.0
322202110025701,2018,2.0
322202111004501,1984,54.25
322202111004501,1985,117.0
322202111004501,1986,302.0
322202111004501,1987,140.0
322202111004501,1988,81.5
322202111004501,1989,294.5
322202111004501,1990,118.5
322202111004501,1991,84.58
322202111004501,1992,87.0
322202111004501,1993,305.0
322202111004501,1994,249.0
322202111004501,1995,251.2
322202111004501,1996,497.0
322202111004501,1997,921.1
322202111004501,1998,400.4
322202111004501,1999,286.5
322202111004501,2000,310.8
322202111004501,2001,138.4
322202111004501,2002,69.9
322202111004501,2003,128.1
322202111004501,2004,24.93
322202111004501,2005,6.17
322202111004501,2006,59.42
322202111004501,2007,2.92
322202111004501,2008,1.1
322202111004501,2009,2.47
322202111004501,2010,1.4
322202111004501,2011,2.67
322202111004501,2012,0.52
322202111004501,2013,0.99
322202111004501,2014,4.01
322202111004501,2015,4.35
322202111004501,2016,3.08
322202111004501,2017,3.44
322202111004501,2018,1.78
322202111004501,2019,1.87
322223111003901,1984,0.6
322223111003901,1985,2.92
322223111003901,1986,1.0150000000000001
322223111003901,1987,1.1800000000000002
322223111003901,1988,1.5899999999999999
322223111003901,1989,2.2649999999999997
322223111003901,1990,2.1399999999999997
322223111003901,1991,1.165
322223111003901,1992,1.565
322223111003901,1993,1.26
322223111003901,1994,1.5
322223111003901,1995,1.5
322223111003901,1996,1.5
322223111003901,1997,2.0
322223111003901,1998,2.0
322223111003901,1999,2.0
322223111003901,2000,2.0
322223111003901,2001,2.0
322223111003901,2002,2.5
322223111003901,2003,2.0
322223111003901,2004,2.0
322223111003901,2005,2.0
322223111003901,2006,2.5
322223111003901,2007,2.0
322223111003901,2008,2.1
322223111003901,2009,2.1
322223111003901,2010,2.3
322223111003901,2011,5.0
322223111003901,2012,2.4
322223111003901,2014,2.3
322223111003901,2015,2.4
322223111003901,2016,2.3
322223111003901,2017,5.0
322250110594401,1985,209.0
322250110594401,1986,205.0
322250110594401,1987,235.0
322250110594401,1988,472.6
322250110594401,1989,361.0
322250110594401,1990,425.9
322250110594401,1991,428.07
322250110594401,1992,375.0
322250110594401,1993,548.0
322250110594401,1994,508.0
322250110594401,1995,669.7
322250110594401,1996,729.2
322250110594401,1997,746.2
322250110594401,1998,845.1
322250110594401,1999,800.5
322250110594401,2000,762.2
322250110594401,2001,840.8
322250110594401,2002,680.9
322250110594401,2003,488.0
322250110594401,2004,382.88
322250110594401,2005,469.04
322250110594401,2006,575.88
322250110594401,2007,559.89
322250110594401,2008,700.05
322250110594401,2009,540.79
322250110594401,2010,359.64
322250110594401,2011,414.12
322250110594401,2012,609.72
322250110594401,2013,623.9
322250110594401,2014,611.15
322250110594401,2015,140.6
322250110594401,2016,596.66
322250110594401,2017,628.27
322250110594401,2018,504.89
322250110594401,2019,360.3
322336111162701,1984,286.0
322336111162701,1985,459.0
322336111162701,1986,795.0
322336111162701,1987,796.0
322336111162701,1988,1100.0
322336111162701,1989,885.0
322336111162701,1990,852.0
322336111162701,1991,1266.79
322336111162701,1992,954.82
322336111162701,1993,1070.75
322336111162701,1994,1320.03
322336111162701,1995,847.0
322336111162701,1996,1184.8
322336111162701,1997,1008.1
322336111162701,1998,922.99
322336111162701,1999,1107.55
322336111162701,2000,537.92
322336111162701,2001,819.59
322336111162701,2007,357.69
322336111162701,2008,162.18
322336111162701,2009,268.44
322336111162701,2011,728.15
322336111162701,2012,540.0
322336111162701,2013,924.0
322336111162701,2014,658.0
322336111162701,2015,732.0
322336111162701,2016,461.17
322336111162701,2017,883.29
322336111162701,2018,911.03
322342111161001,1985,726.0
322342111161001,1986,903.0
322342111161001,1987,896.0
322342111161001,1988,1463.0
322342111161001,1989,1146.0
322342111161001,1990,901.0
322342111161001,1991,1277.6
322342111161001,1992,883.19
322342111161001,1993,882.79
322342111161001,1994,914.97
322342111161001,1995,404.23
322342111161001,1996,1039.32
322342111161001,1997,860.49
322342111161001,1998,722.2
322342111161001,1999,890.06
322342111161001,2000,848.79
322342111161001,2001,904.27
322342111161001,2002,517.72
322342111161001,2003,900.75
322342111161001,2004,521.13
322342111161001,2005,439.59
322342111161001,2006,303.11
322342111161001,2007,837.1
322342111161001,2008,742.77
322342111161001,2009,806.96
322342111161001,2010,958.03
322342111161001,2011,1659.5
322342111161001,2012,776.0
322342111161001,2013,1399.0
322342111161001,2014,1199.0
322342111161001,2015,1160.0
322342111161001,2016,1383.0
322342111161001,2017,1266.91
322342111161001,2018,65.0
322429111164501,1984,111.0
322429111164501,1986,397.0
322429111164501,1987,555.0
322429111164501,1988,816.0
322429111164501,1991,795.45
322429111164501,1992,636.36
322429111164501,1993,907.71
322429111164501,1994,962.28
322429111164501,1995,336.43
322429111164501,1996,287.21
322429111164501,1997,886.63
322429111164501,1998,523.76
322429111164501,2000,343.94
322429111164501,2001,293.0
322429111164501,2007,688.8
322440111080301,1985,5.0
322440111080301,1986,5.0
322440111080301,1987,0.31
322440111080301,1988,0.46
322440111080301,1989,0.6
322440111080301,1990,3.07
322440111080301,1991,3.0
322440111080301,1992,5.98
322440111080301,1993,17.4
322440111080301,1994,7.75
322440111080301,1995,9.97
322440111080301,1996,7.3
322440111080301,1997,6.0
322440111080301,1998,5.0
322440111080301,1999,4.52
322440111080301,2001,15.86
322440111080301,2002,9.94
322440111080301,2003,9.9
322440111080301,2004,10.9
322714111120901,1984,34.0
322714111120901,1985,42.1
322714111120901,1986,74.9
322714111120901,1987,74.51
322714111120901,1988,58.79
322714111120901,1989,62.56
322714111120901,1990,28.47
322714111120901,1991,75.23
322714111120901,1992,26.86
322714111120901,1993,116.0
322714111120901,1994,120.0
322714111120901,1995,122.5
322714111120901,1996,99.7
322714111120901,1997,115.9
322714111120901,1999,97.0
322714111120901,2000,99.6
322714111120901,2001,95.8
322714111120901,2002,40.1
322714111120901,2003,39.1
322714111120901,2004,72.6
322714111120901,2005,56.67
322714111120901,2006,48.01
322714111120901,2007,15.91
322714111120901,2008,28.78
322714111120901,2009,23.09
322714111120901,2010,66.37
322714111120901,2011,124.29
322714111120901,2012,83.25
322714111120901,2013,63.58
322714111120901,2014,66.33
322714111120901,2015,53.5
322714111120901,2016,48.06
322714111120901,2017,75.98
322714111120901,2018,68.0
322714111120901,2019,33.518
322805111140201,2000,533.22
322805111140201,2001,477.36
322805111140201,2002,669.605
322805111140201,2003,888.135
322805111140201,2004,861.72
322805111140201,2005,174.81
322847111174301,1984,209.04
322847111174301,1985,118.11
322847111174301,1986,118.8
322847111174301,1987,65.91
322847111174301,1988,51.0
322847111174301,1991,48.11
322847111174301,1992,35.29
322847111174301,1993,46.19
322847111174301,1994,49.57
322847111174301,1995,52.21
322847111174301,1996,51.51
322847111174301,1997,47.18
322847111174301,2002,131.6
322847111174301,2003,114.24
322847111174301,2004,88.1
322847111174301,2005,123.59
322847111174301,2006,94.2
322847111174301,2007,130.8
322847111174301,2008,138.57399999999998
322847111174301,2009,82.88
322847111174301,2010,119.875
322847111174301,2011,125.22
322847111174301,2012,157.83
322847111174301,2013,152.9
322847111174301,2014,151.65
322847111174301,2015,146.48
322847111174301,2016,47.25
322847111174301,2017,2.44
322847111174301,2019,19.1
322852111202101,1984,319.7
322852111202101,1985,258.0
322852111202101,1986,436.0
322852111202101,1987,569.0
322852111202101,1988,560.0
322852111202101,1989,893.0
322852111202101,1990,593.0
322852111202101,1991,704.59
322852111202101,1992,637.51
322852111202101,1993,389.5
322852111202101,1994,750.09
322852111202101,1995,1046.96
322852111202101,1996,684.33
322852111202101,1997,540.12
322852111202101,1998,507.918
322852111202101,1999,494.194
322852111202101,2000,480.74
322852111202101,2001,476.89
322852111202101,2002,903.14
322852111202101,2003,552.48
322852111202101,2004,1255.75
322852111202101,2005,908.09
322852111202101,2006,542.42
322852111202101,2007,518.76
322852111202101,2008,995.64
322852111202101,2009,783.01
322852111202101,2010,802.0
322852111202101,2011,631.71
322852111202101,2012,754.88
322852111202101,2013,1074.02
322852111202101,2014,1003.65
322852111202101,2015,924.64
322852111202101,2016,763.36
322852111202101,2017,1074.81
322852111202101,2018,818.89
322852111202101,2019,1469.96
322945111191801,1984,4.359999999999999
322945111191801,1985,19.3
322945111191801,1986,1.0
322945111191801,1987,1.15
322945111191801,1988,1.0
322945111191801,1989,0.8
323442111392101,1985,634.52
323442111392101,1986,801.86
323442111392101,1987,1047.95
323442111392101,1988,695.29
323442111392101,1989,513.63
323442111392101,1990,349.19
323442111392101,1991,446.14
323442111392101,1992,17.6
323442111392101,1993,1.89
323442111392101,1994,19.07
323442111392101,1995,130.99
323442111392101,1996,247.0
323442111392101,1997,302.0
323442111392101,1998,403.0
323442111392101,1999,583.8
323442111392101,2000,340.12
323442111392101,2001,259.84
323442111392101,2002,462.03
323442111392101,2003,312.51
323442111392101,2004,347.33
323442111392101,2005,161.04
323442111392101,2006,219.25
323442111392101,2007,226.43
323442111392101,2008,266.63
323442111392101,2009,306.89
323442111392101,2010,240.07
323442111392101,2011,544.42
323442111392101,2012,331.79
323442111392101,2013,346.61
323442111392101,2014,329.77
323442111392101,2015,393.55
323442111392101,2016,373.92
323442111392101,2017,502.04
323442111392101,2018,390.19
323442111392101,2019,379.17
323541111330501,1987,546.65
323556111281601,1984,1260.16
323556111281601,1985,755.0
323556111281601,1986,584.2
323556111281601,1987,513.6
323556111281601,1988,474.09
323556111281601,1989,803.52
323556111281601,1990,839.17
323556111281601,1991,970.4
323556111281601,1992,1027.91
323556111281601,1993,31.29
323556111281601,1994,46.95
323556111281601,1995,1377.98
323556111281601,1996,1295.0
323556111281601,1997,843.0
323556111281601,1998,285.0
323556111281601,1999,453.25
323556111281601,2000,378.19
323556111281601,2001,644.3
323556111281601,2002,494.42
323556111281601,2003,623.72
323556111281601,2004,176.66
323556111281601,2005,17.8
323556111281601,2006,56.62
323556111281601,2007,88.66
323556111281601,2008,2.14
323556111281601,2012,647.82
323556111281601,2013,1219.54
323556111281601,2014,988.56
323556111281601,2015,1344.41
323556111281601,2016,1216.24
323556111281601,2017,1209.16
323556111281601,2018,1010.76
323556111281601,2019,873.26
323943111330801,1984,189.0
323943111330801,1985,274.0
323943111330801,1986,458.8
323943111330801,1987,548.9
323943111330801,1988,575.0
323943111330801,1989,537.0
324005111371101,1984,87.0
324005111371101,1985,36.0
324314111285501,1984,541.42
324314111285501,1985,909.4
324314111285501,1986,496.77
324314111285501,1987,519.83
324314111285501,1988,459.06
324314111285501,1989,613.95
324314111285501,1990,1226.58
324314111285501,1991,1508.18
324314111285501,1992,373.97
324314111285501,1993,1.73
324314111285501,1994,1001.49
324314111285501,1995,796.11
324314111285501,1996,1856.0
324314111285501,1997,1112.0
324314111285501,1998,1832.0
324314111285501,1999,1799.22
324314111285501,2000,1647.04
324314111285501,2001,1113.88
324314111285501,2002,1276.12
324314111285501,2003,1361.36
324314111285501,2004,1191.46
324314111285501,2005,1082.04
324314111285501,2006,1268.25
324314111285501,2007,1505.57
324314111285501,2008,1733.67
324314111285501,2009,1650.4
324314111285501,2010,1518.84
324314111285501,2011,1620.8
324314111285501,2012,1466.95
324314111285501,2013,1639.64
324314111285501,2014,1369.47
324314111285501,2015,1836.8
324314111285501,2016,1423.98
324314111285501,2017,1312.22
324314111285501,2018,1509.82
324314111285501,2019,1437.82
324405111302501,1984,633.64
324405111302501,1985,588.22
324405111302501,1986,537.21
324405111302501,1987,701.0
324405111302501,1988,717.27
324405111302501,1989,103.0
324405111302501,1990,1251.52
324405111302501,1991,1377.2
324405111302501,1992,395.72
324405111302501,1993,51.27
324405111302501,1994,490.21
324405111302501,1995,868.41
324405111302501,1996,1822.0
324405111302501,1997,876.0
324405111302501,1998,1288.0
324405111302501,1999,1499.9
324405111302501,2000,1108.86
324405111302501,2001,1131.35
324405111302501,2002,1279.87
324405111302501,2003,1455.83
324405111302501,2004,1114.17
324405111302501,2005,506.32
324405111302501,2006,819.76
324405111302501,2007,806.61
324405111302501,2008,1593.11
324405111302501,2009,1278.2
324405111302501,2010,1167.89
324405111302501,2011,1475.48
324405111302501,2012,1184.23
324405111302501,2013,1413.53
324405111302501,2014,860.8
324405111302501,2015,1004.84
324405111302501,2016,729.2
324405111302501,2017,762.04
324405111302501,2018,921.18
324405111302501,2019,828.9
324418111404901,1984,1010.89
324418111404901,1985,569.7
324418111404901,1986,349.1
324418111404901,1987,372.13
324418111404901,1988,459.29
324418111404901,1989,342.03
324418111404901,1990,372.89
324418111404901,1991,561.43
324418111404901,1992,446.48
324418111404901,1993,599.45
324418111404901,1994,536.39
324418111404901,1995,613.78
324418111404901,1996,678.25
324418111404901,1997,615.2
324418111404901,1998,470.03
324418111404901,1999,607.91
324418111404901,2000,543.06
324418111404901,2001,565.09
324418111404901,2002,579.0
324418111404901,2003,452.0
324418111404901,2004,479.29
324418111404901,2005,465.52
324418111404901,2006,497.0
324418111404901,2007,517.73
324418111404901,2008,135.66666666666666
324418111404901,2009,68.5
324418111404901,2010,80.7625
324418111404901,2011,162.0
324418111404901,2012,108.0
324418111404901,2013,108.0
324418111404901,2014,159.84
324418111404901,2015,247.75
324418111404901,2016,331.3
324418111404901,2017,349.0
324418111404901,2018,319.71
324418111404901,2019,323.18
324432111265201,1984,1752.0
324432111265201,1985,1366.0
324432111265201,1986,1621.3
324432111265201,1987,2052.8
324432111265201,1988,1735.87
324432111265201,1989,613.82
324432111265201,1992,43.32
324432111265201,1994,254.16
324432111265201,1997,9.0
324432111265201,1998,88.0
324432111265201,1999,20.63
324432111265201,2001,83.07
324432111265201,2003,6.39
324432111265201,2004,8.32
324432111265201,2007,6.33
324432111265201,2011,119.9
324432111265201,2012,160.82
324432111265201,2013,161.85
324432111265201,2014,777.54
324432111265201,2015,695.45
324432111265201,2016,625.32
324432111265201,2017,618.71
324432111265201,2018,972.01
324432111265201,2019,824.31
324842111582001,1984,71.2
324842111582001,1985,51.6
324842111582001,1986,14.956666666666665
324842111582001,1988,363.87
324842111582001,1989,305.2
324853111513801,1994,26.99
324853111513801,1996,21.82
325112111401701,1984,38.1
325112111401701,1986,28.12
325112111401701,1987,333.24
325112111401701,1988,310.88
325112111401701,1989,263.35
325112111401701,1990,305.72
325112111401701,1991,250.72
325112111401701,1992,212.61
325112111401701,1993,196.02
325112111401701,1994,310.05
325112111401701,1995,452.27
325112111401701,1996,438.22
325112111401701,1997,372.4
325112111401701,2000,270.0
325112111401701,2001,278.0
325248111421901,1985,0.76
325248111421901,1988,17.89
325248111421901,1989,4.41
325248111421901,1990,1.87
325248111421901,1991,97.62
325248111421901,1995,75.94
325248111421901,1996,2.65
325248111421901,1997,0.48
325248111421901,2007,397.5
325248111421901,2008,420.0
325248111421901,2009,731.92
325248111421901,2010,589.12
325248111421901,2011,688.58
325248111421901,2012,625.31
325248111421901,2013,402.22
325248111421901,2014,626.99
325248111421901,2015,210.4333333333333
325248111421901,2016,181.2925
325248111421901,2017,146.32500000000002
325248111421901,2018,167.7525
325248111421901,2019,287.055
325316111412701,1984,397.91
325316111412701,1985,301.3
325316111412701,1986,250.3
325316111412701,1987,289.2
325316111412701,1988,411.91
325316111412701,1989,241.08
325316111412701,1990,284.6
325316111412701,1991,203.99
325316111412701,1992,281.77
325316111412701,1993,91.2
325316111412701,1994,143.71
325316111412701,1995,188.09
325316111412701,1996,235.52
325316111412701,1997,220.37
325316111412701,1998,189.0
325316111412701,1999,238.0
325316111412701,2000,182.0
325316111412701,2001,133.0
325316111412701,2002,76.19
325316111412701,2003,690.0
325316111412701,2004,64.0
325316111412701,2005,66.0
325316111412701,2006,171.0
325316111412701,2007,191.0
325316111412701,2008,177.0
325316111412701,2009,206.0
325316111412701,2010,439.0
325316111412701,2011,564.0
325316111412701,2012,252.0
325316111412701,2013,201.0
325316111412701,2014,205.0
325316111412701,2015,64.0
325316111412701,2016,261.01
325316111412701,2017,381.0
325316111412701,2018,154.0
325316111412701,2019,181.0
325329112405301,2007,500.0
325329112405301,2009,9.67
325329112405301,2010,241.28
325329112405301,2011,432.203
325329112405301,2012,200.0
325329112405301,2013,220.14
325329112405301,2014,330.0
325329112405301,2015,169.7
325329112405301,2016,209.86
325329112405301,2017,229.565
325329112405301,2018,258.6
325329112405301,2019,162.40200000000004
325409111432001,1984,619.0
325409111432001,1985,546.0
325409111432001,1986,658.0
325409111432001,1987,617.74
325409111432001,1988,640.0
325409111432001,1989,645.0
325409111432001,1990,628.0
325409111432001,1991,532.0
325409111432001,1992,402.0
325409111432001,1993,548.0
325409111432001,1994,412.0
325409111432001,1995,683.0
325409111432001,1996,899.0
325409111432001,1997,1186.63
325409111432001,1998,1338.0
325409111432001,1999,1131.0
325409111432001,2000,865.0
325409111432001,2001,744.0
325409111432001,2002,530.0
325409111432001,2003,524.0
325409111432001,2004,529.0
325409111432001,2005,570.0
325409111432001,2006,189.0
325508112035501,1984,663.0
325508112035501,1985,712.46
325508112035501,1986,760.02
325508112035501,1987,684.64
325508112035501,1988,480.69
325508112035501,2015,217.96
325508112035501,2016,135.0
325508112035501,2017,1470.26
325508112035501,2018,1193.02
325508112035501,2019,1123.13
325509111405501,1984,5.0
325509111405501,1985,0.91
325509111405501,1986,6.16
325509111405501,1987,11.8
325509111405501,1988,13.47
325509111405501,1989,0.63
325509111405501,1990,0.64
325509111405501,1991,0.91
325509111405501,1992,1.97
325509111405501,1993,0.78
325509111405501,1994,0.91
325509111405501,1995,0.75
325509111405501,1996,1.19
325509111405501,1997,1.28
325509111405501,1998,0.69
325509111405501,2000,0.92
325509111405501,2001,60.88
325509111405501,2002,73.57
325509111405501,2003,57.69
325509111405501,2004,47.82
325509111405501,2005,49.89
325509111405501,2007,166.41
325509111405501,2008,52.51
325509111405501,2009,79.79
325509111405501,2010,75.56
325509111405501,2011,69.51
325509111405501,2012,37.47
325509111405501,2013,37.47
325509111405501,2014,32.52
325509111405501,2015,46.39
325509111405501,2016,55.57
325509111405501,2017,7.69
325509111405501,2018,0.73
325509111405501,2019,692.1289999999998
330119111323001,2008,67.0
330119111323001,2009,65.0
330119111323001,2010,71.0
330119111323001,2011,54.35
330119111323001,2012,80.98
330119111323001,2013,60.67
330119111323001,2014,55.1
330119111323001,2015,90.105
330119111323001,2017,417.2
330119111323001,2018,392.4
330119111323001,2019,409.66
330315111225001,1988,208.79
330315111225001,1992,151.32
330315111225001,1993,170.35
330315111225001,1994,171.0
330315111225001,1995,227.0
330315111225001,1997,263.0
330315111225001,1998,279.0
330315111225001,1999,715.56
330315111225001,2000,353.0
330315111225001,2001,583.04
330315111225001,2008,11.64
330315111225001,2019,220.0
330424111594601,1984,292.0
330424111594601,1985,542.0
330424111594601,1986,481.0
330424111594601,1987,906.3
330424111594601,1988,699.86
330424111594601,1989,728.13
330424111594601,1990,966.47
330424111594601,1991,1042.84
330424111594601,1992,323.3
330424111594601,1993,321.0
330424111594601,1994,892.96
330424111594601,1995,1058.19
330424111594601,1996,1074.77
330424111594601,1997,1177.09
330424111594601,1998,1268.41
330424111594601,1999,1499.58
330424111594601,2000,795.64
330424111594601,2001,220.01
330424111594601,2002,717.43
330424111594601,2003,461.19
330424111594601,2004,3.13
330424111594601,2005,240.0
330424111594601,2006,119.5
330424111594601,2007,250.0
330753111241901,1984,1114.0
330753111241901,1985,1419.03
330753111241901,1986,648.5
330753111241901,1987,1120.0
330753111241901,1988,736.86
330753111241901,2014,383.24
330753111241901,2015,328.24
330753111241901,2016,198.7
330753111241901,2017,159.09
330753111241901,2018,149.1
330753111241901,2019,140.8
330846111302801,1984,614.0
330846111302801,1985,937.7
330846111302801,1986,619.0
330846111302801,1988,264.3
330846111302801,1989,709.1
330846111302801,1990,514.3
330846111302801,1991,907.8
330846111302801,2017,158.02
330846111302801,2018,58.0
330846111302801,2019,190.88
330916111262001,1984,564.0
330916111262001,1985,554.31
330916111262001,1986,456.17
330916111262001,1987,148.31
330916111262001,1988,166.22
330916111262001,1989,615.77
330916111262001,1991,156.0
330916111262001,1999,6.63
330916111262001,2004,17.831
330916111262001,2017,49.75
330916111262001,2018,99.0
330916111262001,2019,102.0
331001111315801,1984,1173.3
331001111315801,1985,593.4
331001111315801,1986,107.41
331001111315801,1987,355.41
331001111315801,1988,423.7
331001111315801,1989,714.1
331001111315801,1990,535.9
331001111315801,1991,587.87
331037111324201,1984,55.49
331037111324201,1985,202.76
331037111324201,1986,352.63
331037111324201,1987,186.46
331037111324201,1990,23.57
331037111324201,1991,16.89
331037111324201,1992,16.81
331037111324201,1993,18.48
331037111324201,1994,152.37
331219111322901,1984,904.72
331219111322901,1985,659.41
331219111322901,1986,922.23
331245111314201,1984,1198.56
331245111314201,1985,1001.92
331245111314201,1990,782.25
331245111314201,1991,729.64
331245111314201,1994,38.4
331245111314201,1995,86.74
331245111314201,2003,27.09
331245111314201,2009,56.91
331303111304201,1984,101.93
331303111304201,1986,76.0
331303111304201,1987,159.0
331303111304201,1988,267.0
331303111304201,1989,356.0
331303111304201,1990,238.0
331303111304201,1991,96.82
331303111304201,1992,26.01
331303111304201,1996,237.8
331303111304201,1997,140.12
331303111304201,1998,63.07
331303111304201,2000,1.44
331303111304201,2005,0.8
331303111304201,2006,167.5
331303111304201,2007,232.07
331303111304201,2008,375.91
331303111304201,2009,417.52
331303111304201,2010,550.28
331303111304201,2011,579.45
331303111304201,2012,613.93
331303111304201,2013,573.22
331303111304201,2014,599.74
331303111304201,2015,575.96
331303111304201,2016,134.18
331303111304201,2017,980.47
331303111304201,2018,698.42
331303111304201,2019,637.83
331312111410801,1984,1318.64
331312111410801,1985,1185.24
331312111410801,1986,1631.1
331312111410801,1987,2098.76
331312111410801,1988,1480.23
331312111410801,1989,885.08
331312111410801,1990,1358.49
331312111410801,1991,1431.57
331312111410801,1992,895.78
331312111410801,1993,952.69
331312111410801,1994,1105.44
331312111410801,1995,1327.31
331312111410801,1996,1503.68
331312111410801,1997,713.81
331312111410801,1998,614.09
331312111410801,1999,741.482
331312111410801,2000,517.173
331312111410801,2001,1718.55
331312111410801,2002,1058.858
331312111410801,2003,632.1709999999998
331312111410801,2004,562.4209999999998
331312111410801,2005,581.979
331312111410801,2006,528.924
331312111410801,2007,423.651
331312111410801,2008,203.07
331312111410801,2009,468.533
331312111410801,2010,463.065
331312111410801,2011,468.232
331312111410801,2012,447.29
331312111410801,2013,371.78
331312111410801,2014,275.155
331312111410801,2015,195.26
331312111410801,2016,237.86
331312111410801,2017,309.72
331312111410801,2018,413.624
331312111410801,2019,380.89
331324111370001,1985,121.0
331324111370001,1997,263.88
331324111370001,1998,78.2
331324111370001,1999,109.05
331324111370001,2000,145.39
331410111324401,1985,759.0
331410111324401,1986,35.9
331410111324401,1987,624.78
331410111324401,1988,681.58
331410111324401,1989,817.85
331410111324401,1990,733.54
331410111324401,1991,496.28
331410111324401,1992,194.43
331410111324401,1993,34.65
331410111324401,1994,585.72
331410111324401,1995,794.6
331410111324401,1996,348.96
331410111324401,1997,198.74
331410111324401,1998,146.16
331410111324401,1999,151.608
331410111324401,2000,204.35
331410111324401,2001,219.71
331410111324401,2002,217.02
331410111324401,2005,394.63
331410111324401,2006,830.97
331410111324401,2007,1100.48
331410111324401,2008,665.98
331410111324401,2009,17.23
331410111324401,2010,7.88
331456111390501,1985,367.0
331456111390501,1986,487.4
331456111390501,1987,523.05
331456111390501,1988,594.1
331456111390501,1989,701.65
331456111390501,1990,796.63
331456111390501,1991,764.73
331456111390501,1992,310.38
331456111390501,1993,306.68
331456111390501,1994,144.3
331456111390501,1995,443.17
331456111390501,1996,399.77
331456111390501,1997,68.57
331456111390501,1998,4.26
331456111390501,1999,5.99
331532111200901,1984,1.29
331532111200901,1985,0.73
331532111200901,1986,1.06
331532111200901,1987,1.1
331532111200901,1988,1.08
331532111200901,1989,1.14
331532111200901,1990,0.94
331532111200901,1991,0.36
331532111200901,1992,0.35
331532111200901,1993,0.78
331532111200901,1994,0.8
331640111090801,1984,45.07
331640111090801,1985,36.62
331640111090801,1986,37.4
331640111090801,1987,32.0
331640111090801,1988,40.9
331640111090801,1989,36.0
331640111090801,1990,46.2
331640111090801,1991,37.2
331640111090801,1992,39.6
331640111090801,1994,43.1
331640111090801,1995,44.5
331640111090801,1996,47.0
331640111090801,1997,28.25
331640111090801,1998,37.19
331640111090801,1999,24.35
331640111090801,2000,34.77
331640111090801,2001,37.0
331640111090801,2002,24.3
331640111090801,2003,18.65
331640111090801,2004,30.5
331640111090801,2005,40.0
331640111090801,2006,46.4
331640111090801,2007,29.7
331640111090801,2008,36.6
331640111090801,2009,34.8
331640111090801,2010,23.0
331640111090801,2011,33.0
331640111090801,2012,23.9
331640111090801,2017,44.0
331640111090801,2018,30.96
331640111090801,2019,25.808000000000003
331749112445701,1989,14.98
331749112445701,1990,122.38
331749112445701,1991,100.09
331749112445701,1992,35.55
331749112445701,1993,78.31
331749112445701,1994,313.29
331749112445701,1995,12.35
331749112445701,1996,172.08
331749112445701,1997,25.15
331749112445701,1998,205.91
331749112445701,1999,268.82
331749112445701,2000,231.82
331749112445701,2001,253.3
331749112445701,2002,241.92
331749112445701,2003,74.14
331749112445701,2004,0.02
331749112445701,2005,6.45
331749112445701,2007,17.32
331749112445701,2008,7.41
331749112445701,2009,3.23
331749112445701,2010,1.1
331749112445701,2011,0.46
331749112445701,2012,0.13
331749112445701,2013,0.06
331749112445701,2014,76.84
331749112445701,2015,12.83
331749112445701,2016,0.39
331749112445701,2018,27.39
331803111172901,1984,40.0
331803111172901,1985,63.2
331803111172901,1986,44.96
331803111172901,1987,22.11
331803111172901,1988,44.85
331803111172901,1989,23.65
331803111172901,1990,67.9
331803111172901,1991,42.92
331803111172901,1992,0.05
331803111172901,1993,20.76
331803111172901,1994,6.77
331803111172901,1997,16.41
331803111172901,1998,8.27
331803111172901,1999,11.22
331803111172901,2000,10.965
331803111172901,2001,0.33
331803111172901,2002,2.49
331803111172901,2004,1.16
331803111172901,2005,0.27
331803111172901,2006,1.51
331803111172901,2009,3.8
331803111172901,2010,0.87
331803111172901,2019,0.029
331908112533201,1984,565.8
331908112540601,1984,316.0
331908112540601,1985,42.8
331934112463001,1984,3.8
331934112463001,1985,6.5
331934112463001,1986,5.7
331934112463001,1987,8.0
331934112463001,1988,8.3
331934112463101,1984,3.8
331934112463101,1985,6.5
331934112463101,1986,5.7
331934112463101,1987,8.0
331934112463101,1988,8.3
331955112553301,1984,266.0
331955112553301,1985,145.3
332002112093601,1990,4.42
332002112093601,1991,4.42
332009111471501,1984,940.42
332009111471501,1985,7.36
332009111471501,1986,9.29
332009111471501,1987,8.26
332009111471501,1988,11.77
332009111471501,1989,37.86
332009111471501,1990,891.47
332009111471501,1991,225.17
332009111471501,1992,17.36
332009111471501,1993,14.75
332009111471501,1994,74.02
332009111471501,1995,27.78
332009111471501,1996,229.73
332009111471501,1997,142.62
332009111471501,1998,8.91
332009111471501,1999,1115.14
332009111471501,2000,927.8
332009111471501,2001,683.68
332009111471501,2002,810.82
332009111471501,2003,326.12
332009111471501,2004,168.3
332009111471501,2005,73.6
332009111471501,2006,101.4
332009111471501,2007,103.36
332009111471501,2009,10.27
332009111471501,2012,30.51
332009111471501,2013,38.28
332009111471501,2014,227.98
332009111471501,2015,459.11
332009111471501,2016,78.27
332009111471501,2017,135.96
332009111471501,2018,228.08
332009111471501,2019,117.22
332011111471401,1984,940.42
332011111471401,1985,7.36
332011111471401,1986,9.29
332011111471401,1987,8.26
332011111471401,1988,11.77
332011111471401,1989,37.86
332011111471401,1990,891.47
332011111471401,1991,225.17
332011111471401,1992,17.36
332011111471401,1993,14.75
332011111471401,1994,74.02
332011111471401,1995,27.78
332011111471401,1996,229.73
332011111471401,1997,142.62
332011111471401,1998,8.91
332011111471401,1999,1115.14
332011111471401,2000,927.8
332011111471401,2001,683.68
332011111471401,2002,810.82
332011111471401,2003,326.12
332011111471401,2004,168.3
332011111471401,2005,73.6
332011111471401,2006,101.4
332011111471401,2007,103.36
332011111471401,2009,10.27
332011111471401,2012,30.51
332011111471401,2013,38.28
332011111471401,2014,227.98
332011111471401,2015,459.11
332011111471401,2016,78.27
332011111471401,2017,135.96
332011111471401,2018,228.08
332011111471401,2019,117.22
332015112465001,1988,62.7
332015112465001,1989,87.81
332121112110901,1994,101.51
332121112110901,1995,624.14
332121112110901,1996,950.2
332121112110901,1997,1327.08
332121112110901,1998,860.67
332121112110901,1999,818.87
332121112110901,2000,880.35
332121112110901,2001,676.18
332121112110901,2002,643.78
332121112110901,2003,784.74
332121112110901,2004,666.34
332121112110901,2005,824.6
332121112110901,2006,875.42
332121112110901,2007,541.65
332121112110901,2008,563.62
332121112110901,2009,515.39
332121112110901,2012,1062.0
332121112110901,2013,580.0
332121112110901,2014,423.0
332121112110901,2015,428.0
332209111002501,1985,3.6
332209111002501,1986,3.6
332209111002501,1988,3.5
332209111002501,1989,3.6
332209111002501,1991,1.0
332209111002501,1992,1.0
332209111002501,1997,3.6
332209111002501,2005,3.6
332241113124801,1985,891.49
332241113124801,1996,1609.0
332241113124801,1997,1944.0
332241113124801,1998,1534.0
332241113124801,1999,1468.0
332241113124801,2000,1472.0
332241113124801,2001,450.0
332241113124801,2007,1485.92
332241113124801,2008,3203.15
332241113124801,2009,3355.41
332241113124801,2010,1406.37
332241113124801,2011,2809.54
332241113124801,2012,3206.56
332241113124801,2013,2512.62
332241113124801,2014,2948.95
332241113124801,2015,2863.48
332241113124801,2016,2445.6
332241113124801,2017,1737.21
332241113124801,2018,2127.92
332241113124801,2019,1395.358
332243112065801,1984,208.0
332243112065801,1998,596.78
332243112065801,1999,176.04
332243112065801,2000,737.58
332243112065801,2001,978.66
332243112065801,2002,730.81
332332111333401,1984,45.18
332332111333401,1985,51.08
332332111333401,1986,60.19
332332111333401,1987,63.75
332332111333401,1988,72.0
332332111333401,1990,37.0
332332111333401,1991,59.0
332332111333401,1992,6.8
332332111333401,1993,18.74
332332111333401,1995,9.1
332332111333401,1996,6.45
332332111333401,1997,4.13
332332111333401,2000,1.2
332332111333401,2001,1.2
332332111333401,2002,1.2
332332111333401,2003,28.92
332332111333401,2004,0.74
332332111333401,2005,48.41
332332111333401,2006,22.63
332332111333401,2007,38.03
332332111333401,2008,28.88
332332111333401,2009,45.99
332332111333401,2011,45.99
332332111333401,2012,45.99
332332111333401,2013,54.13
332332111333401,2014,80.17
332332111333401,2015,47.17
332332111333401,2016,60.54
332332111333401,2017,57.4
332332111333401,2018,56.36
332332111333401,2019,56.2
332357113124701,2002,20.0
332416112454301,1991,3.15
332416112454301,1992,7.93
332416112454301,1993,7.2
332416112454301,1994,5.82
332416112454301,1995,5.65
332416112454301,1996,8.22
332416112454301,1997,5.65
332416112454301,1998,5.82
332416112454301,1999,4.89
332416112454301,2000,4.68
332416112454301,2001,4.5
332416112454301,2002,7.11
332416112454301,2003,5.5
332416112454301,2004,5.86
332416112454301,2005,7.41
332416112454301,2006,12.09
332416112454301,2007,15.59
332416112454301,2008,17.36
332416112454301,2009,11.49
332416112454301,2010,10.77
332416112454301,2011,12.42
332416112454301,2012,12.09
332416112454301,2013,12.957
332416112454301,2014,11.550999999999998
332416112454301,2015,11.521
332416112454301,2016,11.011
332416112454301,2017,10.443
332416112454301,2018,10.5
332416112454301,2019,7.7120000000000015
332449113080901,1985,151.34
332449113080901,1986,10.5
332449113080901,1999,427.511
332449113123001,1986,195.52
332449113123001,1989,19.92
332449113123001,1990,12.29
332449113123001,1992,27.57
332449113123001,1996,5451.0
332449113123001,1997,3.79
332449113123001,1998,5.06
332513113124701,2007,560.0
332602112312901,1984,5.03
332602112312901,1985,18.29
332602112312901,1986,22.9
332602112312901,1987,48.86
332602112312901,1988,73.11
332602112312901,1989,74.59
332602112312901,1990,46.81
332602112312901,1991,36.06
332602112312901,1992,55.16
332602112312901,1993,74.6
332602112312901,1994,150.03
332602112312901,1995,170.19
332602112312901,1996,30.81
332602112312901,1997,213.5
332602112312901,1998,194.47
332602112312901,1999,218.9
332602112312901,2000,165.77
332602112312901,2001,193.85
332602112312901,2002,402.46000000000004
332602112312901,2003,62.21
332602112312901,2004,73.0
332602112312901,2007,232.36
332602112312901,2008,154.31
332602112312901,2009,292.3
332602112312901,2010,231.65
332602112312901,2011,379.79
332602112312901,2012,198.79
332602112312901,2013,264.28
332602112312901,2014,388.31
332602112312901,2015,201.52
332602112312901,2016,178.7
332602112312901,2017,178.7
332602112312901,2018,11.63
332602112312901,2019,18.79
332637113134801,1985,0.5
332637113134801,2014,1225.55
332637113134801,2015,1543.33
332637113134801,2016,1376.23
332637113134801,2017,1090.11
332637113134801,2018,1204.19
332637113134801,2019,479.192
332749113063901,1985,709.3
332749113063901,2004,779.8
332749113063901,2005,789.47
332749113063901,2007,869.36
332749113063901,2008,864.43
332749113063901,2010,916.58
332749113063901,2011,928.67
332749113063901,2012,1059.52
332749113063901,2014,2389.03
332749113063901,2015,928.08
332749113063901,2016,1070.87
332749113063901,2017,943.73
332749113063901,2018,2231.48
332749113063901,2019,2039.12
332752112492301,1986,4.72
332752112492301,1987,6.79
332752112492301,1988,8.54
332752112492301,1989,1.84
332752112492301,1990,1.7
332752112492301,1991,1.42
332752112492301,1992,1.31
332752112492301,1993,1.07
332752112492301,1994,1.02
332752112492301,1995,1.2
332752112492301,1996,7.2
332752112492301,1997,9.78
332752112492301,1998,7.87
332752112492301,1999,9.18
332752112492301,2000,9.36
332752112492301,2001,11.25
332752112492301,2002,11.04
332752112492301,2003,9.98
332752112492301,2004,12.2
332752112492301,2005,13.72
332752112492301,2006,14.6
332752112492301,2007,17.1
332752112492301,2008,19.19
332752112492301,2012,14.12
332752112492301,2013,14.12
332752112492301,2014,12.88
332752112492301,2015,13.48
332752112492301,2016,15.12
332752112492301,2017,19.18
332752112492301,2018,16.94
332752112492301,2019,15.73
332752112560901,1984,1317.39
332752112560901,1985,1336.14
332752112560901,1986,1097.52
332752112560901,1987,1305.72
332752112560901,1988,1087.68
332752112560901,1989,1055.4
332752112560901,1990,706.26
332752112560901,1991,647.1
332752112560901,1992,1328.36
332752112560901,1993,638.8
332752112560901,1994,673.26
332752112560901,1995,742.0
332752112560901,1997,136.11
332752112560901,1998,1204.31
332752112560901,1999,1201.94
332752112560901,2000,1414.96
332752112560901,2001,977.43
332752112560901,2002,2357.02
332752112560901,2003,2203.05
332752112560901,2004,1935.59
332752112560901,2005,2579.96
332752112560901,2006,2307.04
332752112560901,2007,3483.59
332752112560901,2008,3216.25
332752112560901,2009,3430.77
332752112560901,2010,1656.7
332752112560901,2011,3262.72
332752112560901,2012,2955.84
332752112560901,2013,2926.04
332752112560901,2014,2670.68
332752112560901,2015,1965.64
332752112560901,2017,2671.39
332752112560901,2018,2558.97
332752112560901,2019,2482.91
332817112523401,1984,615.64
332817112523401,1985,654.23
332817112523401,1989,1457.48
332817112523401,1991,1000.1
332817112523401,1992,920.89
332817112523401,1993,746.05
332817112523401,1994,293.23
332817112523401,1995,312.14
332817112523401,1996,643.78
332817112523401,1997,163.94
332817112523401,1998,80.49
332817112523401,1999,908.22
332817112523401,2000,954.33
332817112523401,2002,435.63
332817112523401,2003,1026.71
332817112523401,2004,522.68
332856111451401,1984,323.0
332856111451401,1985,275.1
332856111451401,1986,97.9
332856111451401,1987,11.22
332856111451401,1988,4.83
332856111451401,1989,1.66
332856111451401,1990,0.58
332856111451401,1991,0.73
332856111451401,1992,0.71
332856111451401,1993,0.79
332856111451401,1994,0.88
332856111451401,1995,0.93
332856111451401,1996,3.42
332856111451401,1997,1.37
332856111451401,1998,1.85
332856111451401,1999,6.14
332856111451401,2000,3.07
332856111451401,2015,3.6
332856111451401,2016,2586.2
332856111451401,2017,2405.75
332856111451401,2018,2801.73
332939112594901,2004,0.29
332939112594901,2005,0.41
332939112594901,2006,6.89
332939112594901,2007,2.43
332939112594901,2008,1.52
332939112594901,2009,1.57
332939112594901,2010,1.2
332939112594901,2011,1.841
332939112594901,2012,0.94
332939112594901,2013,1.13
332939112594901,2014,1.513
332939112594901,2015,0.967
332939112594901,2016,0.939
332939112594901,2017,1.07
332939112594901,2018,1.0
332939112594901,2019,1.182
333147112530001,1984,1498.0
333147112530001,1985,948.58
333147112530001,1986,929.39
333147112530001,1987,1245.88
333147112530001,1988,1549.68
333147112530001,1989,1788.0
333147112530001,1990,669.0
333147112530001,1991,1225.0
333147112530001,1992,197.0
333147112530001,1995,786.0
333147112530001,1997,913.0
333147112530001,1998,1255.0
333147112530001,1999,458.0
333147112530001,2000,830.0
333147112530001,2001,972.0
333147112530001,2002,1189.0
333147112530001,2003,1019.0
333147112530001,2004,425.0
333147112530001,2005,917.0
333147112530001,2006,562.0
333147112530001,2007,798.0
333147112530001,2008,593.0
333147112530001,2009,486.0
333147112530001,2010,498.0
333147112530001,2011,900.0
333147112530001,2012,917.0
333147112530001,2013,972.0
333147112530001,2014,1294.0
333147112530001,2015,1625.0
333147112530001,2016,1800.93
333147112530001,2017,1555.78
333147112530001,2018,1438.0
333147112530001,2019,1923.0
333216112475201,1989,3.5
333237112530501,1984,868.31
333237112530501,1985,868.31
333237112530501,1987,554.12
333237112530501,1988,804.09
333237112530501,1989,820.0
333237112530501,1990,841.0
333237112530501,1991,995.0
333237112530501,1994,1068.0
333237112530501,1995,877.0
333237112530501,1996,519.0
333237112530501,1997,31.0
333237112530501,1999,92.0
333237112530501,2000,44.17
333237112530501,2001,586.27
333237112530501,2002,826.13
333237112530501,2003,829.6
333237112530501,2004,788.31
333237112530501,2005,702.88
333237112530501,2006,748.07
333237112530501,2007,722.47
333237112530501,2008,770.14
333237112530501,2009,846.63
333237112530501,2010,833.48
333237112530501,2011,821.54
333237112530501,2012,833.81
333237112530501,2013,843.94
333237112530501,2014,863.64
333237112530501,2015,876.49
333237112530501,2016,873.6
333237112530501,2017,890.89
333237112530501,2018,872.34
333237112530501,2019,879.2
333252113013801,1985,3.0
333358113231001,1985,1289.07
333358113231001,1987,78.9
333358113231001,1993,891.47
333358113231001,1994,600.45
333358113231001,1996,1183.77
333358113231001,1997,763.6
333724112423601,1987,42.3
333724112423601,1988,0.14
333943112075101,1984,326.78999999999996
333943112075101,1985,319.175
333943112075101,1986,513.26
333943112075101,1987,201.16500000000002
333943112075101,1988,74.625
333943112075101,1989,71.51
333943112075101,1990,95.34
333943112075101,1991,318.63
333943112075101,1992,78.33500000000001
333943112075101,1993,43.225
333943112075101,1994,94.765
333943112075101,1995,224.54500000000002
333943112075101,1996,216.175
333943112075101,1997,113.42
333943112075101,1998,70.60499999999999
333943112075101,1999,176.94
333943112075101,2000,133.99
333943112075101,2001,76.68
333943112075101,2002,209.29500000000002
333943112075101,2003,275.295
333943112075101,2004,69.465
333943112075101,2005,123.37
333943112075101,2006,87.59
333943112075101,2007,94.67
333943112075101,2009,88.69
333943112075101,2011,85.34
333943112075101,2012,84.06
333943112075101,2013,82.03
333943112075101,2015,82.63
333943112075101,2016,89.7
333943112075101,2017,88.17
333943112075101,2018,29.75
333943112075101,2019,53.82
334001112220701,1984,1151.3
334001112220701,1985,1052.8
334001112220701,1986,1416.2
334001112220701,1987,210.3
334001112220701,1988,296.1
334001112220701,1989,349.5
334001112220701,1990,554.0
334001112220701,1991,215.0
334001112220701,1992,451.54
334001112220701,1993,512.2
334001112220701,1994,1115.61
334001112220701,1995,601.49
334001112220701,1996,380.06
334001112220701,1997,393.61
334001112220701,1998,649.98
334001112220701,1999,633.85
334001112220701,2000,286.8333333333333
334001112220701,2001,461.2
334001112220701,2002,174.40333333333334
334001112220701,2003,183.66666666666666
334001112220701,2004,146.14000000000001
334001112220701,2005,282.0366666666667
334001112220701,2006,295.74333333333334
334001112220701,2007,486.61
334001112220701,2008,797.29
334001112220701,2009,595.655
334001112220701,2010,583.3100000000001
334001112220701,2011,518.55
334001112220701,2012,535.105
334001112220701,2013,611.29
334001112220701,2014,525.1899999999999
334001112220701,2016,743.89
334001112220701,2017,519.125
334001112220701,2018,819.52
334001112220701,2019,812.7950000000001
334056112445001,1987,0.17
334109112131201,1984,772.0
334109112131201,1985,93.0
334109112131201,1986,132.7
334109112131201,1987,113.33000000000001
334109112131201,1988,125.86
334109112131201,1989,333.82
334109112131201,1990,193.45
334109112131201,1992,66.82
334109112131201,1993,49.7
334109112131201,1996,2.1
334109112131201,1998,231.85
334109112131201,1999,580.17
334109112131201,2000,573.89
334109112131201,2001,502.2
334109112131201,2002,510.9
334109112131201,2003,463.24
334109112131201,2004,403.0
334109112131201,2005,486.9
334109112131201,2006,457.15
334109112131201,2007,377.76
334109112131201,2008,218.0
334109112131201,2009,519.27
334109112131201,2010,423.32
334109112131201,2011,429.52
334109112131201,2012,342.19
334109112131201,2013,413.79
334109112131201,2014,359.04
334109112131201,2015,355.92
334109112131201,2016,374.39
334109112131201,2017,327.28
334109112131201,2018,180.77
334109112131201,2019,33.38
334513112380501,1984,2.0
334513112380501,1986,4.0
334513112380501,1988,8.0
334513112380501,1989,6.0
334513112380501,1991,6.0
334513112380501,1992,6.0
334513112380501,1993,6.0
334513112380501,1995,6.0
334513112380501,1997,6.0
334513112380501,2001,6.0
334513112380501,2004,0.83
334513112380501,2007,6.0
334641111582901,1984,135.1
334641111582901,1985,199.46
334641111582901,1986,188.24
334641111582901,1987,279.8
334641111582901,1988,327.65
334641111582901,1989,339.08
334641111582901,1990,312.97
334641111582901,1991,284.91
334641111582901,1992,279.87
334641111582901,1993,163.03
334641111582901,1997,2.39
334641111582901,1998,2.71
334646111583301,1984,135.1
334646111583301,1985,199.46
334646111583301,1986,188.24
334646111583301,1987,279.8
334646111583301,1988,327.65
334646111583301,1989,339.08
334646111583301,1990,312.97
334646111583301,1991,284.91
334646111583301,1992,279.87
334646111583301,1993,163.03
334646111583301,1997,2.39
334646111583301,1998,2.71
334750112082001,1984,9.0
334750112082001,1985,9.0
334750112082001,1987,8.0
334750112082001,1988,9.0
334750112082001,1989,9.0
334750112082001,1990,9.0
334750112082001,1991,1.0
334750112082001,1992,0.75
334750112082001,1993,0.45
334750112082001,1994,9.0
334750112082001,1995,9.0
334814112094701,2016,4.0
334814112094701,2017,4.74
334814112094701,2018,4.87
334953112101001,1985,8.02
334953112101001,1990,71.8
334953112101001,1991,54.73
334953112101001,2018,333.89
334954109084501,2006,14.0
334954109084501,2007,9.0
334954109084501,2008,10.37
334954109084501,2009,11.04
334954109084501,2010,1.789
335155112093301,1998,51.9
335155112093301,1999,82.25
335155112093301,2000,3.68
340808109165001,2006,9.0
340808109165001,2007,47.0
340808109165001,2008,47.4
340808109165001,2009,47.4
340808109165001,2010,47.4
340808109165001,2011,31.8
340808109165001,2012,11.84
340808109165001,2013,6.47
340808109165001,2014,8.71
340808109165001,2015,8.54
340808109165001,2017,10.98
341344111194301,2006,39.0
341344111194301,2007,39.0
341344111194301,2008,20.0
341344111194301,2009,20.753
341344111194301,2010,33.724000000000004
341344111194301,2011,23.147
341344111194301,2012,26.905
341344111194301,2013,17.882
341348111195001,2006,39.0
341348111195001,2007,39.0
341348111195001,2008,26.0
341348111195001,2009,30.991
341348111195001,2010,33.724000000000004
341348111195001,2011,12.859000000000002
341348111195001,2013,17.882
341353111195101,2006,39.0
341353111195101,2007,39.0
341353111195101,2008,40.5
341353111195101,2009,39.063
341353111195101,2010,33.724000000000004
341353111195101,2011,23.147
341353111195101,2012,26.905
341353111195101,2013,17.882
341353111195101,2014,112.91
341353111195101,2015,112.91
341353111195101,2016,104.6
341353111195101,2017,92.0
341353111195101,2018,104.8
341353111195101,2019,104.8
341402111191301,2006,123.0
341402111191301,2007,106.0
341402111191301,2008,128.0
341402111191301,2009,130.01
341402111191301,2010,129.123
341402111191301,2011,126.327
341402111191301,2012,70.048
341402111191301,2013,68.91199999999999
341402111191301,2014,118.81
341402111191301,2015,73.21
341402111191301,2016,81.0
341402111191301,2017,69.5
341402111191301,2018,99.5
341402111191301,2019,122.4
341605111193601,2006,22.0
341605111193601,2007,12.0
341605111193601,2008,15.0
341605111193601,2009,7.292999999999998
341605111193601,2010,6.407
341605111193601,2011,8.824
341605111193601,2012,25.069000000000006
341605111193601,2013,17.631
341605111193601,2014,20.48
341605111193601,2015,19.84
341605111193601,2016,24.4
341605111193601,2017,5.6
341605111193601,2018,18.4
342356110325601,2006,198.0
342356110325601,2007,175.0
342356110325601,2008,188.0
342356110325601,2009,81.92
342356110325601,2010,86.58
342356110325601,2011,117.35
342356110325601,2012,127.92
342356110325601,2013,106.19
342356110325601,2014,140.44
342356110325601,2015,126.76
342356110325601,2016,128.22
342356110325601,2017,126.41
342356110325601,2018,183.22
342356110325601,2019,113.55
342444112363401,2008,12.0
342444112363401,2009,43.8
342444112363401,2010,48.21
342444112363401,2011,70.66
342444112363401,2012,53.3
342444112363401,2013,81.2
342444112363401,2014,53.1
342623109382901,2006,105.0
342623109382901,2007,142.0
342623109382901,2008,126.0
342623109382901,2009,121.463
342623109382901,2010,122.05
342623109382901,2011,106.521
342623109382901,2012,101.313
342623109382901,2013,94.694
342623109382901,2014,91.6
342623109382901,2015,95.093
342623109382901,2016,93.156
342623109382901,2017,106.469
342623109382901,2018,111.91
342623109382901,2019,123.95
345434110171201,1984,299.87
345434110171201,1985,61.3
345434110171201,1986,535.48
345434110171201,1987,342.68
345434110171201,1988,230.0
345434110171201,1989,257.46
345434110171201,1990,318.32
345434110171201,1991,358.53
345434110171201,1992,201.7
345434110171201,1993,172.2
345434110171201,1994,49.21
345434110171201,1995,129.78
345434110171201,1996,0.02
345434110171201,1997,361.8
345434110171201,1998,452.4
345434110171201,1999,633.47
345434110171201,2000,515.19
345434110171201,2001,378.7
345434110171201,2002,615.0
345434110171201,2003,421.5
345434110171201,2004,830.0
345434110171201,2005,877.9
345434110171201,2006,1245.5
345434110171201,2007,732.25
345434110171201,2008,496.75
345434110171201,2009,680.7
345434110171201,2010,394.73999999999995
345434110171201,2011,1354.725
345434110171201,2012,2168.905
345434110171201,2013,1491.85
345434110171201,2014,2174.55
345434110171201,2015,2783.13
345434110171201,2016,211.4
345434110171201,2017,2619.5
345434110171201,2018,3876.49
345434110171201,2019,2401.82
